{
  "model_version": "ultra",
  "train_mae": 8387.16015625,
  "train_rmse": 9100.63602172947,
  "train_mape": 99.63058471679688,
  "test_mae": 20770.65234375,
  "test_rmse": 20990.46716964632,
  "test_mape": 99.8284912109375,
  "n_train": 3328,
  "n_test": 832,
  "lookback_window": 180,
  "features": [
    "Close",
    "SMA14",
    "SMA50",
    "RSI14",
    "MACD",
    "BB_Position",
    "ATR",
    "ROC_5",
    "Stoch_K"
  ],
  "architecture": "Ultra ensemble LSTM with multiple branches"
}