{
  "loss": [
    7125.43212890625,
    7125.15087890625,
    7124.798828125,
    7124.3935546875,
    7123.8720703125,
    7123.2509765625,
    7122.611328125,
    7121.84912109375,
    7121.0546875,
    7120.21875,
    7119.376953125,
    7118.552734375,
    7117.7041015625,
    7116.78955078125,
    7115.9892578125,
    7115.17333984375,
    7114.35693359375,
    7113.57861328125,
    7112.7685546875,
    7112.0361328125,
    7111.33349609375,
    7110.65673828125,
    7109.9423828125,
    7109.42138671875,
    7108.74658203125,
    7108.1064453125,
    7107.625,
    7107.025390625,
    7106.525390625,
    7105.9814453125,
    7105.57470703125,
    7105.029296875,
    7104.63427734375,
    7104.18701171875,
    7103.8046875,
    7103.46435546875,
    7103.09765625,
    7102.71533203125,
    7102.4111328125,
    7102.1533203125,
    7101.84912109375,
    7101.63623046875,
    7101.37939453125,
    7101.0517578125,
    7100.84765625,
    7100.6552734375,
    7100.49365234375,
    7100.21044921875,
    7100.05859375,
    7099.818359375,
    7099.65966796875,
    7099.4951171875,
    7099.2763671875,
    7099.20458984375,
    7099.01806640625,
    7098.8955078125,
    7098.7392578125,
    7098.64697265625,
    7098.54248046875,
    7098.4130859375,
    7098.32373046875,
    7098.23681640625,
    7098.146484375,
    7098.0205078125,
    7097.9580078125,
    7097.91650390625,
    7097.7939453125,
    7097.73193359375,
    7097.6123046875,
    7097.61767578125,
    7097.53564453125,
    7097.4228515625,
    7097.40625,
    7097.32373046875,
    7097.322265625,
    7097.18701171875,
    7097.1884765625,
    7097.0849609375,
    7097.1337890625,
    7097.048828125,
    7097.04638671875,
    7097.00390625,
    7096.94677734375,
    7096.93017578125,
    7096.9482421875,
    7096.9091796875,
    7096.896484375,
    7096.83447265625,
    7096.80615234375,
    7096.80029296875,
    7096.73876953125,
    7096.74169921875,
    7096.79345703125,
    7096.75732421875,
    7096.7099609375,
    7096.6875,
    7096.63720703125,
    7096.62890625,
    7096.53125,
    7096.6181640625,
    7096.5703125,
    7096.552734375,
    7096.521484375,
    7096.47021484375,
    7096.57763671875,
    7096.5283203125
  ],
  "mae": [
    7125.9326171875,
    7125.65087890625,
    7125.298828125,
    7124.89404296875,
    7124.3720703125,
    7123.75048828125,
    7123.111328125,
    7122.3486328125,
    7121.5546875,
    7120.71923828125,
    7119.876953125,
    7119.052734375,
    7118.20458984375,
    7117.2890625,
    7116.4892578125,
    7115.67333984375,
    7114.8564453125,
    7114.0791015625,
    7113.26904296875,
    7112.53564453125,
    7111.8330078125,
    7111.1572265625,
    7110.44189453125,
    7109.921875,
    7109.2470703125,
    7108.60693359375,
    7108.12451171875,
    7107.52587890625,
    7107.025390625,
    7106.4814453125,
    7106.0751953125,
    7105.52880859375,
    7105.1337890625,
    7104.6865234375,
    7104.30517578125,
    7103.9638671875,
    7103.59716796875,
    7103.2158203125,
    7102.9111328125,
    7102.65283203125,
    7102.34912109375,
    7102.13671875,
    7101.8798828125,
    7101.55126953125,
    7101.34716796875,
    7101.15478515625,
    7100.9931640625,
    7100.7109375,
    7100.55810546875,
    7100.31787109375,
    7100.1591796875,
    7099.99462890625,
    7099.77685546875,
    7099.7041015625,
    7099.5185546875,
    7099.39599609375,
    7099.23876953125,
    7099.146484375,
    7099.04296875,
    7098.91357421875,
    7098.8232421875,
    7098.736328125,
    7098.64599609375,
    7098.52001953125,
    7098.45849609375,
    7098.416015625,
    7098.29443359375,
    7098.23193359375,
    7098.11181640625,
    7098.1181640625,
    7098.03515625,
    7097.92333984375,
    7097.90625,
    7097.82421875,
    7097.82275390625,
    7097.6865234375,
    7097.68896484375,
    7097.58447265625,
    7097.63330078125,
    7097.54931640625,
    7097.546875,
    7097.50341796875,
    7097.4462890625,
    7097.4296875,
    7097.44873046875,
    7097.40966796875,
    7097.396484375,
    7097.33447265625,
    7097.306640625,
    7097.30029296875,
    7097.23828125,
    7097.2412109375,
    7097.2939453125,
    7097.2578125,
    7097.20947265625,
    7097.18701171875,
    7097.13671875,
    7097.12939453125,
    7097.03076171875,
    7097.1181640625,
    7097.06982421875,
    7097.052734375,
    7097.02197265625,
    7096.970703125,
    7097.0771484375,
    7097.0283203125
  ],
  "mse": [
    56169288.0,
    56165668.0,
    56162192.0,
    56156300.0,
    56150388.0,
    56142392.0,
    56133172.0,
    56122420.0,
    56110432.0,
    56099400.0,
    56087668.0,
    56076148.0,
    56062812.0,
    56049912.0,
    56038548.0,
    56026404.0,
    56014716.0,
    56003264.0,
    55992740.0,
    55981752.0,
    55972636.0,
    55963600.0,
    55953740.0,
    55946240.0,
    55935996.0,
    55926544.0,
    55919984.0,
    55911716.0,
    55903532.0,
    55895636.0,
    55889568.0,
    55883028.0,
    55877428.0,
    55870112.0,
    55865336.0,
    55861156.0,
    55856424.0,
    55849936.0,
    55845444.0,
    55841216.0,
    55837368.0,
    55834532.0,
    55830424.0,
    55825376.0,
    55822484.0,
    55819272.0,
    55817912.0,
    55812748.0,
    55811444.0,
    55808448.0,
    55805996.0,
    55803744.0,
    55800520.0,
    55799588.0,
    55796636.0,
    55795756.0,
    55792504.0,
    55791644.0,
    55789064.0,
    55787768.0,
    55786584.0,
    55785076.0,
    55783936.0,
    55782060.0,
    55781040.0,
    55781200.0,
    55778052.0,
    55777680.0,
    55775932.0,
    55777044.0,
    55775640.0,
    55774596.0,
    55773824.0,
    55771660.0,
    55772812.0,
    55770600.0,
    55770208.0,
    55768964.0,
    55769744.0,
    55767740.0,
    55768692.0,
    55767928.0,
    55766816.0,
    55766632.0,
    55766580.0,
    55766248.0,
    55766008.0,
    55765664.0,
    55765356.0,
    55764272.0,
    55763480.0,
    55763576.0,
    55764888.0,
    55764040.0,
    55763528.0,
    55763676.0,
    55762908.0,
    55762084.0,
    55760988.0,
    55762364.0,
    55761676.0,
    55761220.0,
    55760772.0,
    55759924.0,
    55761324.0,
    55761152.0
  ],