{
  "loss": [
    0.016169467940926552,
    0.005093777552247047,
    0.0032529437448829412,
    0.002364138141274452,
    0.0018320460803806782,
    0.0014981233980506659,
    0.0012757433578372002,
    0.0010357408318668604,
    0.0008998670382425189,
    0.0008643687469884753,
    0.0007795762503519654,
    0.0007342470926232636,
    0.000697531271725893
  ],
  "val_loss": [
    0.031850386410951614,
    0.02722574584186077,
    0.023173559457063675,
    0.02452361211180687,
    0.023941345512866974,
    0.04001109302043915,
    0.0359857976436615,
    0.04061226546764374,
    0.042259830981492996,
    0.04466241970658302,
    0.053610168397426605,
    0.05354709550738335,
    0.048408955335617065
  ],
  "mae": [
    0.095393605530262,
    0.05517110228538513,
    0.043939150869846344,
    0.036910396069288254,
    0.03275991603732109,
    0.02899814210832119,
    0.026852300390601158,
    0.024278875440359116,
    0.022805582731962204,
    0.022110862657427788,
    0.021165767684578896,
    0.020335040986537933,
    0.019685769453644753
  ],
  "val_mae": [
    0.14670361578464508,
    0.1369413584470749,
    0.12262298911809921,
    0.1274547129869461,
    0.12616373598575592,
    0.16380736231803894,
    0.15732011198997498,
    0.16481313109397888,
    0.16736449301242828,
    0.1724986582994461,
    0.1892121285200119,
    0.18855507671833038,
    0.17964237928390503
  ],
  "epochs_trained": 13,
  "training_time": "0:00:19.087286"
}