{
  "loss": [
    6995.9521484375,
    6098.8916015625,
    2479.7001953125,
    1726.3773193359375,
    1664.9193115234375,
    1648.294921875,
    1700.4608154296875,
    1602.94921875,
    1670.7977294921875,
    1682.3697509765625,
    1521.2867431640625,
    1483.6654052734375,
    1568.4852294921875,
    1531.3665771484375,
    1476.2001953125,
    1420.7491455078125,
    1446.3271484375,
    1448.1190185546875,
    1555.56884765625,
    1431.0821533203125,
    1422.286376953125,
    1345.5513916015625,
    1309.6536865234375,
    1333.512939453125,
    1424.6810302734375,
    1404.2872314453125
  ],
  "mae": [
    6996.45166015625,
    6099.39111328125,
    2480.199951171875,
    1726.8773193359375,
    1665.4193115234375,
    1648.794921875,
    1700.9608154296875,
    1603.44921875,
    1671.2977294921875,
    1682.8697509765625,
    1521.7867431640625,
    1484.1651611328125,
    1568.9852294921875,
    1531.8665771484375,
    1476.7001953125,
    1421.2491455078125,
    1446.8265380859375,
    1448.6190185546875,
    1556.06884765625,
    1431.58203125,
    1422.7862548828125,
    1346.0513916015625,
    1310.1536865234375,
    1334.0126953125,
    1425.180908203125,
    1404.7872314453125
  ],
  "mse": [
    54219340.0,
    43104556.0,
    9778977.0,
    4808661.0,
    4353544.5,
    4243153.5,
    4585664.0,
    4127052.5,
    4495998.0,
    4612017.5,
    3724478.25,
    3544992.25,
    3957440.0,
    3730519.75,
    3502316.5,
    3236243.5,
    3496564.0,
    3422026.5,
    3853822.25,
    3344749.0,
    3240272.0,
    2968786.75,
    2851362.5,
    2896871.25,
    3415392.5,
    3349055.75
  ],
  "val_loss": [
    13348.1728515625,
    10340.4560546875,
    5257.8076171875,
    4279.11083984375,
    3759.481201171875,
    3569.82421875,
    3370.335693359375,
    3301.950927734375,
    2726.107666015625,
    2813.65869140625,
    2566.947998046875,
    2924.913818359375,
    3054.8203125,
    3409.083740234375,
    3200.256591796875,
    3815.433837890625,
    3097.521240234375,
    3099.09228515625,
    2693.839111328125,
    3357.509521484375,
    3371.21826171875,
    3169.967041015625,
    3442.179931640625,
    3408.478271484375,
    3983.923583984375,
    3792.0859375
  ],
  "val_mae": [
    13348.671875,
    10340.9560546875,
    5258.3076171875,
    4279.61083984375,
    3759.981201171875,
    3570.32421875,
    3370.835693359375,
    3302.450927734375,
    2726.607666015625,
    2814.15869140625,
    2567.447998046875,
    2925.413818359375,
    3055.320068359375,
    3409.583740234375,
    3200.756591796875,
    3815.933837890625,
    3098.02099609375,
    3099.59228515625,
    2694.339111328125,
    3358.009521484375,
    3371.71826171875,
    3170.467041015625,
    3442.679931640625,
    3408.978271484375,
    3984.423583984375,
    3792.5859375
  ],
  "val_mse": [
    185656256.0,
    113963024.0,
    33430602.0,
    22858208.0,
    19070670.0,
    17363822.0,
    16696352.0,
    15531586.0,
    10669660.0,
    11081527.0,
    10508696.0,
    13048764.0,
    14034802.0,
    18142834.0,
    14943902.0,
    19553394.0,
    14318689.0,
    13620303.0,
    11550985.0,
    17094498.0,
    17769626.0,
    15593227.0,
    18051764.0,
    17846184.0,
    20979758.0,
    19761452.0
  ],
  "learning_rate": [
    0.0010000000474974513,
    0.0010000000474974513,
    0.0010000000474974513,
    0.0010000000474974513,
    0.0010000000474974513,
    0.0010000000474974513,
    0.0010000000474974513,
    0.0010000000474974513,
    0.0010000000474974513,
    0.0010000000474974513,
    0.0010000000474974513,
    0.0010000000474974513,
    0.0010000000474974513,
    0.0010000000474974513,
    0.0010000000474974513,
    0.0010000000474974513,
    0.0010000000474974513,
    0.0010000000474974513,
    0.0010000000474974513,
    0.0007000000332482159,
    0.0007000000332482159,
    0.0007000000332482159,
    0.0007000000332482159,
    0.0007000000332482159,
    0.0007000000332482159,
    0.0007000000332482159
  ]
}