{
  "model_version": "original",
  "train_mae": 663.8814086914062,
  "train_rmse": 1435.5320006882466,
  "train_mape": 6.799937039613724,
  "test_mae": 9131.255859375,
  "test_rmse": 9630.407675690578,
  "test_mape": 42.87656843662262,
  "n_train": 3424,
  "n_test": 856,
  "lookback_window": 60,
  "features": [
    "Close",
    "SMA14",
    "SMA50",
    "RSI14"
  ],
  "architecture": "Basic LSTM with 2 layers"
}