{
  "accuracy": 0.5495049504950495,
  "final_val_loss": 0.7277981638908386,
  "final_val_accuracy": 0.5016501545906067,
  "best_val_accuracy": 0.5495049357414246,
  "epochs_trained": 16,
  "training_duration_seconds": 27.345316
}