{
  "loss": [
    61011400.0,
    60453404.0,
    59561040.0,
    58270240.0,
    56613468.0,
    54612392.0,
    52346948.0,
    49833700.0,
    47124548.0,
    44292348.0,
    41291496.0,
    38393712.0,
    35423832.0,
    32467840.0,
    29707414.0,
    26853128.0,
    24374466.0,
    21920666.0,
    19563460.0,
    17680198.0,
    15731057.0,
    14047976.0,
    12779202.0,
    11385120.0,
    10555034.0,
    9504844.0,
    8779955.0,
    8300999.5,
    7803537.5,
    7485137.0,
    7180820.0,
    7227731.5,
    7033326.5,
    6894011.5,
    6917743.0,
    6798210.0,
    6846635.5,
    6744884.5,
    6687533.0,
    6792201.5,
    6820956.0,
    6760657.5,
    6611712.5,
    6772072.0,
    6792054.5,
    6729344.5,
    6814631.5,
    6776828.0,
    6714040.5,
    6738805.5,
    6805060.0,
    6793595.0,
    6685558.0,
    6782172.5,
    6785357.5,
    6719231.0,
    6831516.5,
    6739461.5,
    6790576.5,
    6808738.5,
    6733881.0,
    6803510.5,
    6768281.5,
    6700765.0,
    6786735.0,
    6833753.0,
    6884048.0,
    6673534.0,
    6760490.0,
    6803184.0,
    6773970.5,
    4823379.5,
    2736908.0,
    1999069.5,
    1528067.125,
    1226518.125,
    1046504.25,
    887802.875,
    836355.1875,
    815554.125,
    720723.5625,
    680175.625,
    686291.5625,
    671135.4375,
    610296.1875,
    555857.0625,
    552241.5,
    530267.0,
    538545.625,
    495882.25,
    512184.75,
    493708.96875,
    498393.03125,
    505587.78125,
    492995.6875,
    486078.53125,
    450734.8125,
    486699.03125,
    476920.09375,
    484255.1875
  ],
  "mae": [
    7391.6689453125,
    7353.79345703125,
    7292.931640625,
    7203.84423828125,
    7087.814453125,
    6945.16845703125,
    6779.611328125,
    6592.49462890625,
    6382.98388671875,
    6157.4873046875,
    5908.615234375,
    5655.88330078125,
    5384.4775390625,
    5105.0810546875,
    4826.72265625,
    4529.99462890625,
    4260.92431640625,
    3975.211181640625,
    3689.100830078125,
    3450.08984375,
    3182.134033203125,
    2954.83154296875,
    2776.9033203125,
    2599.0185546875,
    2502.043212890625,
    2389.096923828125,
    2333.679443359375,
    2288.4326171875,
    2280.577880859375,
    2248.526611328125,
    2226.805908203125,
    2257.86181640625,
    2248.41455078125,
    2233.963134765625,
    2242.3154296875,
    2235.02978515625,
    2245.386962890625,
    2231.163818359375,
    2224.712158203125,
    2242.846923828125,
    2258.38330078125,
    2237.605712890625,
    2213.487548828125,
    2238.80419921875,
    2248.069580078125,
    2234.15771484375,
    2247.416748046875,
    2249.211669921875,
    2229.823486328125,
    2242.404541015625,
    2249.551513671875,
    2248.118896484375,
    2233.512451171875,
    2249.826416015625,
    2243.594970703125,
    2231.2373046875,
    2252.677734375,
    2238.607177734375,
    2245.269287109375,
    2252.6162109375,
    2238.885498046875,
    2234.76611328125,
    2236.60986328125,
    2221.5166015625,
    2250.52294921875,
    2250.259033203125,
    2248.98681640625,
    2225.2626953125,
    2248.236328125,
    2250.162841796875,
    2238.8203125,
    1704.468994140625,
    1166.173583984375,
    988.30810546875,
    884.2274169921875,
    803.61328125,
    747.4569702148438,
    697.1657104492188,
    678.8733520507812,
    670.6134033203125,
    630.7279052734375,
    618.0581665039062,
    621.9636840820312,
    612.6079711914062,
    601.4978637695312,
    568.5119018554688,
    562.4030151367188,
    550.3845825195312,
    555.4432983398438,
    537.9887084960938,
    534.3873291015625,
    531.7152099609375,
    539.90966796875,
    534.3623046875,
    526.6776733398438,
    531.6760864257812,
    514.27294921875,
    529.1386108398438,
    526.3464965820312,
    532.2930908203125
  ],
  "val_loss": [
    245822000.0,
    244858880.0,
    243403856.0,
    241375728.0,
    238851472.0,
    235874112.0,
    232499952.0,
    228774848.0,
    224744320.0,
    220464640.0,
    215974480.0,
    211345568.0,
    206617328.0,
    201828768.0,
    197037072.0,
    192267344.0,
    187574304.0,
    182987776.0,
    178533824.0,
    174247248.0,
    170161968.0,
    166292720.0,
    162650368.0,
    159265632.0,
    156144944.0,
    153266832.0,
    150653936.0,
    148303696.0,
    146245616.0,
    144442832.0,
    142874960.0,
    141534080.0,
    140394000.0,
    139458176.0,
    138629728.0,
    138008688.0,
    137483584.0,
    137082800.0,
    136779392.0,
    136514976.0,
    136376912.0,
    136227968.0,
    136056240.0,
    135979968.0,
    135854368.0,
    135782080.0,
    135820592.0,
    135739968.0,
    135681808.0,
    135717520.0,
    135760144.0,
    135736288.0,
    135743824.0,
    135611040.0,
    135570080.0,
    135474672.0,
    135556208.0,
    135537776.0,
    135469696.0,
    135493504.0,
    135611936.0,
    135543968.0,
    135501568.0,
    135283312.0,
    134768176.0,
    134315584.0,
    132873856.0,
    128143704.0,
    160598352.0,
    162713904.0,
    162490848.0,
    84088960.0,
    81106400.0,
    66025644.0,
    50936756.0,
    47521588.0,
    51981268.0,
    59078640.0,
    62633532.0,
    31623672.0,
    29668102.0,
    28750278.0,
    27801774.0,
    26958610.0,
    26009642.0,
    26223834.0,
    26020084.0,
    24007936.0,
    23354666.0,
    28613456.0,
    22373552.0,
    21856978.0,
    21479532.0,
    20955180.0,
    20545056.0,
    20205394.0,
    20273078.0,
    19831404.0,
    19691378.0,
    19365638.0
  ],
  "val_mae": [
    15570.55859375,
    15538.505859375,
    15489.8720703125,
    15421.7001953125,
    15336.1943359375,
    15234.3759765625,
    15117.6767578125,
    14987.1337890625,
    14843.828125,
    14689.1982421875,
    14524.0966796875,
    14350.6396484375,
    14169.849609375,
    13982.7890625,
    13791.33984375,
    13596.2138671875,
    13399.4638671875,
    13202.2607421875,
    13005.716796875,
    12811.4931640625,
    12621.33984375,
    12436.3427734375,
    12257.466796875,
    12086.7744140625,
    11925.2822265625,
    11772.5927734375,
    11630.6484375,
    11500.0380859375,
    11383.271484375,
    11279.0576171875,
    11186.861328125,
    11106.83203125,
    11037.939453125,
    10980.810546875,
    10929.755859375,
    10891.2392578125,
    10858.599609375,
    10833.62890625,
    10814.8251953125,
    10798.4208984375,
    10790.11328125,
    10781.0419921875,
    10770.4375,
    10766.0380859375,
    10758.3759765625,
    10754.056640625,
    10756.8623046875,
    10751.9638671875,
    10748.44140625,
    10750.9453125,
    10753.873046875,
    10752.5185546875,
    10753.173828125,
    10744.82421875,
    10742.322265625,
    10736.306640625,
    10741.7119140625,
    10740.705078125,
    10736.5380859375,
    10738.3662109375,
    10746.35546875,
    10742.4423828125,
    10740.6943359375,
    10733.3056640625,
    10711.107421875,
    10695.2138671875,
    10639.6474609375,
    10448.3837890625,
    11682.716796875,
    11767.6328125,
    11756.5888671875,
    8619.5478515625,
    8412.455078125,
    7643.91259765625,
    6794.46044921875,
    6517.33544921875,
    6753.06982421875,
    7143.4140625,
    7135.9833984375,
    5315.732421875,
    5128.830078125,
    5038.54833984375,
    4943.576171875,
    4858.05029296875,
    4759.29541015625,
    4754.38232421875,
    4714.69482421875,
    4544.453125,
    4471.7890625,
    4853.76220703125,
    4361.78173828125,
    4302.4326171875,
    4258.47265625,
    4197.72216796875,
    4146.4072265625,
    4117.47314453125,
    4101.9189453125,
    4059.509765625,
    4056.0283203125,
    4010.40966796875
  ],