{
  "loss": [
    61058692.0,
    60618896.0,
    59921328.0,
    58906520.0,
    57592036.0,
    56006772.0,
    54183148.0,
    52159252.0,
    49938088.0,
    47642084.0,
    45164312.0,
    42688868.0,
    40083920.0,
    37440004.0,
    34953008.0,
    32428762.0,
    29904260.0,
    27500202.0,
    25162264.0,
    22938450.0,
    20955980.0,
    19159132.0,
    17347708.0,
    15729371.0,
    14394954.0,
    13043021.0,
    11864027.0,
    10858613.0,
    9974447.0,
    9405098.0,
    8718214.0,
    8270921.5,
    7889445.0,
    7526125.0,
    7409769.0,
    7155073.0,
    6980656.0,
    7031966.5,
    6804147.5,
    6873054.0,
    6795086.5,
    6820530.5,
    6763466.5,
    6793061.0,
    6747034.5,
    6818185.5,
    6792986.5,
    6798245.5,
    6822831.0,
    6729445.5,
    6791231.0,
    6764250.0,
    6746452.5,
    6887190.0,
    6747295.0,
    6731294.5,
    6793067.0,
    6807485.5,
    6756489.0,
    6812856.5,
    6837612.0,
    6914504.0,
    6386061.5,
    4577513.5,
    3386498.25,
    2429818.5,
    2038680.0,
    1741433.5,
    1456724.625,
    1259442.75,
    1054918.125,
    1006616.25,
    966001.8125,
    891316.875,
    820688.5625,
    777801.6875,
    768050.375,
    761144.75,
    779836.25,
    738076.8125,
    710423.875,
    693875.375,
    669124.0625,
    652802.75,
    632268.625,
    617647.0625,
    642526.0,
    573161.0,
    580189.125,
    587526.0625,
    556358.3125,
    550672.1875,
    564351.625,
    542726.0,
    549813.4375,
    520886.75,
    526640.4375,
    524049.03125,
    482900.15625,
    525107.9375
  ],
  "mae": [
    7394.86279296875,
    7365.08154296875,
    7317.611328125,
    7247.7333984375,
    7156.53564453125,
    7044.7412109375,
    6914.6337890625,
    6765.935546875,
    6599.58203125,
    6423.47021484375,
    6227.44287109375,
    6024.54833984375,
    5805.38134765625,
    5571.43896484375,
    5344.83984375,
    5096.70703125,
    4849.05615234375,
    4597.6708984375,
    4344.7099609375,
    4097.45361328125,
    3865.42724609375,
    3638.186279296875,
    3406.53564453125,
    3181.2568359375,
    2990.453857421875,
    2820.63134765625,
    2656.054931640625,
    2535.4169921875,
    2434.411865234375,
    2396.22509765625,
    2323.704345703125,
    2296.650146484375,
    2282.4072265625,
    2253.044677734375,
    2258.389404296875,
    2237.4765625,
    2227.89697265625,
    2237.859130859375,
    2222.173828125,
    2235.47021484375,
    2227.708740234375,
    2236.434326171875,
    2235.375,
    2238.1279296875,
    2234.9658203125,
    2253.267333984375,
    2235.880126953125,
    2242.341552734375,
    2242.951904296875,
    2233.8466796875,
    2241.379638671875,
    2236.701416015625,
    2228.325927734375,
    2258.732666015625,
    2234.154052734375,
    2233.601318359375,
    2246.0078125,
    2251.481201171875,
    2243.7451171875,
    2247.1123046875,
    2248.364013671875,
    2278.32958984375,
    2144.669677734375,
    1623.0699462890625,
    1304.607421875,
    1129.054443359375,
    1043.2127685546875,
    954.5074462890625,
    885.5473022460938,
    828.8643188476562,
    760.8216552734375,
    736.670654296875,
    738.339599609375,
    697.02490234375,
    685.8912963867188,
    660.1581420898438,
    660.6892700195312,
    655.2637939453125,
    667.3519287109375,
    651.18603515625,
    643.4325561523438,
    636.9999389648438,
    625.5794067382812,
    620.5632934570312,
    606.5782470703125,
    603.7194213867188,
    603.9627075195312,
    581.9385986328125,
    585.173828125,
    577.944580078125,
    570.2825927734375,
    572.8297119140625,
    570.7725830078125,
    554.70263671875,
    566.1757202148438,
    556.0801391601562,
    552.116943359375,
    554.244384765625,
    530.0819091796875,
    551.8594360351562
  ],
  "val_loss": [
    246168640.0,
    245776176.0,
    245171440.0,
    244339296.0,
    243304624.0,
    242080768.0,
    240686784.0,
    239139888.0,
    237455872.0,
    235660768.0,
    233762896.0,
    231789104.0,
    229748992.0,
    227658304.0,
    225544800.0,
    223416432.0,
    221285008.0,
    219169408.0,
    217079456.0,
    215029808.0,
    213030304.0,
    211093504.0,
    209225872.0,
    207437280.0,
    205734192.0,
    204118848.0,
    202599600.0,
    201181040.0,
    199873216.0,
    198671536.0,
    197564768.0,
    196563056.0,
    195667536.0,
    194873104.0,
    194173056.0,
    193568176.0,
    193044352.0,
    192575968.0,
    192183968.0,
    191845456.0,
    191587504.0,
    191372448.0,
    191203648.0,
    191052016.0,
    190952192.0,
    190877712.0,
    190796320.0,
    190740720.0,
    190702240.0,
    190670656.0,
    190676576.0,
    190672496.0,
    190668416.0,
    190668016.0,
    190671680.0,
    190671456.0,
    190674160.0,
    190687824.0,
    190665008.0,
    190650160.0,
    190654064.0,
    190628624.0,
    70377784.0,
    70739032.0,
    59501740.0,
    54294916.0,
    50124704.0,
    46206472.0,
    42983820.0,
    40372504.0,
    38060308.0,
    35942528.0,
    34194552.0,
    32726646.0,
    31502638.0,
    30476748.0,
    29599640.0,
    29115366.0,
    28398036.0,
    27946650.0,
    27165252.0,
    26460452.0,
    25842932.0,
    25234528.0,
    24808500.0,
    24186828.0,
    23750438.0,
    23374692.0,
    23141452.0,
    22718486.0,
    22246618.0,
    21793556.0,
    21481062.0,
    21156864.0,
    20771176.0,
    20612012.0,
    20375026.0,
    20012288.0,
    19802882.0,
    19595538.0
  ],
  "val_mae": [
    15581.3203125,
    15567.0126953125,
    15544.8876953125,
    15514.2744140625,
    15475.94921875,
    15430.2392578125,
    15377.6591796875,
    15318.6484375,
    15253.5888671875,
    15183.2578125,
    15107.7568359375,
    15027.9228515625,
    14943.9267578125,
    14856.201171875,
    14765.716796875,
    14672.6572265625,
    14577.373046875,
    14480.59375,
    14382.6650390625,
    14284.2197265625,
    14185.7080078125,
    14087.7626953125,
    13990.7744140625,
    13895.35546875,
    13802.00390625,
    13711.015625,
    13623.087890625,
    13538.7490234375,
    13458.9228515625,
    13383.685546875,
    13312.66015625,
    13246.8427734375,
    13186.6748046875,
    13132.1865234375,
    13083.2490234375,
    13040.2275390625,
    13002.392578125,
    12968.0888671875,
    12939.0205078125,
    12913.6474609375,
    12894.138671875,
    12877.7548828125,
    12864.8203125,
    12853.1416015625,
    12845.423828125,
    12839.6513671875,
    12833.3251953125,
    12828.9970703125,
    12825.9990234375,
    12823.5380859375,
    12824.0029296875,
    12823.6865234375,
    12823.3671875,
    12823.33984375,
    12823.6298828125,
    12823.6181640625,
    12823.8349609375,
    12824.90625,
    12823.125,
    12821.97265625,
    12822.275390625,
    12820.2919921875,
    8186.39208984375,
    8208.4267578125,
    7492.7275390625,
    7136.81787109375,
    6838.4140625,
    6545.66259765625,
    6294.69384765625,
    6083.6357421875,
    5890.6513671875,
    5708.05615234375,
    5552.8330078125,
    5419.04541015625,
    5304.9130859375,
    5207.32666015625,
    5122.421875,
    5074.935546875,
    5003.76806640625,
    4958.1181640625,
    4879.67138671875,
    4807.376953125,
    4742.1328125,
    4677.46484375,
    4632.8505859375,
    4564.4169921875,
    4516.37451171875,
    4476.3798828125,
    4450.03271484375,
    4402.50927734375,
    4348.2568359375,
    4300.138671875,
    4258.33984375,
    4223.4013671875,
    4174.2392578125,
    4160.779296875,
    4128.619140625,
    4083.56494140625,
    4058.873291015625,
    4033.895751953125
  ],