{
  "accuracy": [
    0.5119834542274475,
    0.5272727012634277,
    0.5388429760932922,
    0.5384297370910645,
    0.5417355298995972,
    0.5446280837059021,
    0.5561983585357666,
    0.56611567735672,
    0.557851254940033,
    0.5644627809524536,
    0.5772727131843567,
    0.5838842988014221,
    0.5904958844184875,
    0.5888429880142212,
    0.5871900916099548,
    0.5842975378036499
  ],
  "loss": [
    0.6968036890029907,
    0.6933479905128479,
    0.6885738968849182,
    0.6868951916694641,
    0.6860776543617249,
    0.6855401396751404,
    0.6817528605461121,
    0.679925262928009,
    0.6790727376937866,
    0.6745812296867371,
    0.6744564175605774,
    0.6691142320632935,
    0.6713054180145264,
    0.666910707950592,
    0.6610427498817444,
    0.6679059863090515
  ],
  "val_accuracy": [
    0.5495049357414246,
    0.5429043173789978,
    0.5082508325576782,
    0.5082508325576782,
    0.5231022834777832,
    0.5033003091812134,
    0.5099009871482849,
    0.5165016651153564,
    0.5016501545906067,
    0.5016501545906067,
    0.5115511417388916,
    0.5066006779670715,
    0.5082508325576782,
    0.5082508325576782,
    0.5082508325576782,
    0.5016501545906067
  ],
  "val_loss": [
    0.6905845999717712,
    0.6909198760986328,
    0.696815013885498,
    0.6973323225975037,
    0.6971727609634399,
    0.6952625513076782,
    0.698813259601593,
    0.7125818729400635,
    0.7068589925765991,
    0.7190299034118652,
    0.716265857219696,
    0.7381689548492432,
    0.7287010550498962,
    0.7403790950775146,
    0.7215327620506287,
    0.7277981638908386
  ],
  "learning_rate": [
    0.0010000000474974513,
    0.0010000000474974513,
    0.0010000000474974513,
    0.0010000000474974513,
    0.0010000000474974513,
    0.0010000000474974513,
    0.0010000000474974513,
    0.0010000000474974513,
    0.0010000000474974513,
    0.0010000000474974513,
    0.0010000000474974513,
    0.0005000000237487257,
    0.0005000000237487257,
    0.0005000000237487257,
    0.0005000000237487257,
    0.0005000000237487257
  ]
}