{
  "loss": [
    0.00929073616862297,
    0.002799761248752475,
    0.0017655924893915653,
    0.0014176073018461466,
    0.0011667133076116443,
    0.001009699422866106,
    0.0008190262597054243,
    0.0008447226718999445,
    0.0007365120691247284,
    0.0005753792938776314,
    0.0005749447736889124,
    0.0005280363257043064,
    0.0005494503420777619,
    0.0004980649682693183,
    0.0004970453446730971,
    0.00045989625505171716,
    0.0004599538806360215,
    0.00043778703548014164,
    0.000435609690612182,
    0.0004203334974590689,
    0.00038231717189773917,
    0.0004274274397175759,
    0.00040845086914487183,
    0.00035783095518127084,
    0.000373350630979985,
    0.000373707473045215,
    0.0003500442544464022,
    0.0003051856183446944,
    0.00032421655487269163,
    0.0003155405283905566,
    0.0003194854944013059,
    0.0003031178202945739,
    0.00028309825574979186,
    0.0002733991132117808,
    0.00024416245287284255,
    0.00026994108338840306,
    0.00029299649759195745,
    0.0002646606299094856
  ],
  "val_loss": [
    0.0773506760597229,
    0.04841626435518265,
    0.02485494501888752,
    0.021227488294243813,
    0.03443170711398125,
    0.027829155325889587,
    0.0335419625043869,
    0.02345064841210842,
    0.02200838178396225,
    0.02235913835465908,
    0.02185829170048237,
    0.024892782792448997,
    0.020356597378849983,
    0.019032731652259827,
    0.01641923002898693,
    0.01753329485654831,
    0.01661181077361107,
    0.018061531707644463,
    0.01602719910442829,
    0.014078503474593163,
    0.01383347250521183,
    0.012542483396828175,
    0.016393067315220833,
    0.009442276321351528,
    0.011351799592375755,
    0.00868521723896265,
    0.008486230857670307,
    0.00837559625506401,
    0.012109088711440563,
    0.012500596232712269,
    0.01345045119524002,
    0.013621360063552856,
    0.02052946202456951,
    0.017362264916300774,
    0.016473837196826935,
    0.016324182972311974,
    0.014025683514773846,
    0.016724301502108574
  ],
  "mae": [
    0.07030684500932693,
    0.04126539081335068,
    0.03255710378289223,
    0.028837941586971283,
    0.02676352486014366,
    0.024674907326698303,
    0.02207338437438011,
    0.022258656099438667,
    0.02068690024316311,
    0.018740659579634666,
    0.018396509811282158,
    0.017864152789115906,
    0.017849380150437355,
    0.01716998964548111,
    0.01699184626340866,
    0.01656816340982914,
    0.01649368181824684,
    0.016360701993107796,
    0.01603536866605282,
    0.015573675744235516,
    0.014962692745029926,
    0.015484965406358242,
    0.01507248729467392,
    0.014622548595070839,
    0.01460244134068489,
    0.014947021380066872,
    0.014123824425041676,
    0.013517461717128754,
    0.013870137743651867,
    0.013649838045239449,
    0.013918593525886536,
    0.013403179123997688,
    0.012953667901456356,
    0.012806500308215618,
    0.011902070604264736,
    0.012504827231168747,
    0.013058782555162907,
    0.012305005453526974
  ],
  "val_mae": [
    0.27479088306427,
    0.2159869521856308,
    0.14802908897399902,
    0.1341336965560913,
    0.17377778887748718,
    0.15465976297855377,
    0.1733938306570053,
    0.1425628811120987,
    0.13795138895511627,
    0.13930730521678925,
    0.1372983157634735,
    0.14784492552280426,
    0.1307215690612793,
    0.12610971927642822,
    0.11647500097751617,
    0.12050869315862656,
    0.11719054728746414,
    0.12281403690576553,
    0.11464649438858032,
    0.10656143724918365,
    0.10599381476640701,
    0.09933830052614212,
    0.11351737380027771,
    0.08387470990419388,
    0.09146509319543839,
    0.07575714588165283,
    0.07575621455907822,
    0.07717019319534302,
    0.09643412381410599,
    0.0985921174287796,
    0.10367922484874725,
    0.10318436473608017,
    0.13168932497501373,
    0.11890546977519989,
    0.11480468511581421,
    0.11477784812450409,
    0.10546320676803589,
    0.11683782935142517
  ],
  "epochs_trained": 38,
  "training_time": "0:02:31.455701"
}