{
  "accuracy": 0.523102310231023,
  "final_val_loss": 0.6995042562484741,
  "final_val_accuracy": 0.44884487986564636,
  "best_val_accuracy": 0.5313531160354614,
  "epochs_trained": 20,
  "training_duration_seconds": 119.220358
}