{
  "model_version": "optimized",
  "last_close": 24596.150390625,
  "predicted_close": 24574.08984375,
  "predicted_change": -22.060546875,
  "predicted_change_pct": -0.08969105540763216,
  "actual_close": 24363.3,
  "prediction_error_pct": 0.8651909232139587,
  "model_accuracy": 99.13481140136719
}