{
  "loss": [
    383332992.0,
    380407200.0,
    374829536.0,
    369591552.0,
    349889472.0,
    330167808.0,
    305023616.0,
    274589024.0,
    238648512.0,
    200522192.0,
    160719856.0,
    121850640.0,
    83205056.0,
    39041360.0,
    20328966.0,
    14434708.0,
    12975218.0,
    19388016.0,
    13925568.0,
    12943403.0,
    13116001.0,
    14803597.0,
    11875754.0,
    11945255.0,
    14141540.0,
    16054879.0,
    11938089.0,
    10633908.0,
    14546611.0,
    32848472.0,
    13329148.0,
    12061985.0,
    13338043.0,
    13929429.0,
    14741016.0,
    97679000.0,
    129334368.0,
    62356256.0,
    14565117.0,
    12840484.0,
    9672963.0,
    9601998.0,
    9330457.0,
    9013846.0,
    8474975.0,
    8292598.5,
    8433239.0,
    7853011.5,
    7847264.0,
    8268815.0,
    8181143.0,
    7901324.5,
    7658763.0,
    7989958.0,
    7612790.5,
    7792101.0
  ],
  "mae": [
    17817.240234375,
    17752.677734375,
    17621.853515625,
    17409.72265625,
    17074.462890625,
    16634.818359375,
    16049.44140625,
    15297.39453125,
    14336.2666015625,
    13192.9765625,
    11807.833984375,
    10086.4580078125,
    7910.2490234375,
    5224.7275390625,
    3652.1455078125,
    3026.5263671875,
    2874.117431640625,
    3406.243408203125,
    2906.93505859375,
    2780.30078125,
    2811.649169921875,
    3024.21435546875,
    2744.1455078125,
    2739.2490234375,
    2938.58251953125,
    3171.02783203125,
    2732.01904296875,
    2598.471435546875,
    3017.421630859375,
    4085.5634765625,
    2887.839111328125,
    2749.3369140625,
    2865.121826171875,
    2920.44384765625,
    3075.029052734375,
    6803.376953125,
    8589.1044921875,
    5649.5595703125,
    2954.964111328125,
    2809.456298828125,
    2459.636962890625,
    2443.465087890625,
    2407.641845703125,
    2338.6806640625,
    2291.774658203125,
    2267.80322265625,
    2283.61376953125,
    2202.05126953125,
    2202.9453125,
    2260.236328125,
    2237.2490234375,
    2201.09716796875,
    2151.484130859375,
    2203.14208984375,
    2155.9521484375,
    2155.67724609375
  ],
  "val_loss": [
    601391040.0,
    592683456.0,
    600555840.0,
    544191488.0,
    513299424.0,
    476281920.0,
    423359232.0,
    364889376.0,
    291928544.0,
    216294768.0,
    146838864.0,
    87532000.0,
    49001640.0,
    6073422.0,
    2173194.5,
    37426.390625,
    165617.25,
    735189.25,
    54478.4921875,
    546.5730590820312,
    201260.90625,
    136845.03125,
    91988.984375,
    543071.0,
    370391.1875,
    777452.125,
    160569.3125,
    1065765.625,
    2488604.0,
    984986.5625,
    486.7539367675781,
    10940.66796875,
    852487.875,
    354629.5,
    2077331.75,
    2658357.75,
    4013315.0,
    4280598.5,
    1282919.25,
    86535.96875,
    656299.625,
    601106.5625,
    665581.6875,
    761467.625,
    375390.71875,
    170394.75,
    172911.359375,
    369367.25,
    158335.640625,
    120073.0390625,
    123957.6484375,
    238056.25,
    234954.078125,
    132977.015625,
    184274.015625,
    233713.765625
  ],
  "val_mae": [
    24523.279296875,
    24345.091796875,
    24506.24609375,
    23327.912109375,
    22656.115234375,
    21823.876953125,
    20575.697265625,
    19102.08203125,
    17085.916015625,
    14706.962890625,
    12117.708984375,
    9355.853515625,
    7000.1181640625,
    2464.43212890625,
    1474.1763916015625,
    193.45896911621094,
    406.9609375,
    857.4320678710938,
    233.40625,
    23.37890625,
    448.6210632324219,
    369.9258117675781,
    303.296875,
    736.93359375,
    608.59765625,
    881.7320556640625,
    400.7109375,
    1032.359375,
    1577.53125,
    992.4644775390625,
    22.0625,
    104.59765625,
    923.3023071289062,
    595.5078125,
    1441.2945556640625,
    1630.44775390625,
    2003.326416015625,
    2068.960205078125,
    1132.66064453125,
    294.169921875,
    810.1227416992188,
    775.3102416992188,
    815.8322143554688,
    872.6209106445312,
    612.69140625,
    412.7890625,
    415.8260803222656,
    607.755615234375,
    397.9140625,
    346.515625,
    352.076171875,
    487.9101867675781,
    484.72088623046875,
    364.6601867675781,
    429.2713928222656,
    483.43963623046875
  ],
  "learning_rate": [
    0.0010000000474974513,
    0.0010000000474974513,
    0.0010000000474974513,
    0.0010000000474974513,
    0.0010000000474974513,
    0.0010000000474974513,
    0.0010000000474974513,
    0.0010000000474974513,
    0.0010000000474974513,
    0.0010000000474974513,
    0.0010000000474974513,
    0.0010000000474974513,
    0.0010000000474974513,
    0.0010000000474974513,
    0.0010000000474974513,
    0.0010000000474974513,
    0.0010000000474974513,
    0.0010000000474974513,
    0.0010000000474974513,
    0.0010000000474974513,
    0.0010000000474974513,
    0.0010000000474974513,
    0.0010000000474974513,
    0.0010000000474974513,
    0.0010000000474974513,
    0.0010000000474974513,
    0.0010000000474974513,
    0.0010000000474974513,
    0.0010000000474974513,
    0.0010000000474974513,
    0.0010000000474974513,
    0.0010000000474974513,
    0.0010000000474974513,
    0.0010000000474974513,
    0.0010000000474974513,
    0.0010000000474974513,
    0.0010000000474974513,
    0.0010000000474974513,
    0.0010000000474974513,
    0.0010000000474974513,
    0.0010000000474974513,
    0.0010000000474974513,
    0.0010000000474974513,
    0.0005000000237487257,
    0.0005000000237487257,
    0.0005000000237487257,
    0.0005000000237487257,
    0.0005000000237487257,
    0.0005000000237487257,
    0.0005000000237487257,
    0.0005000000237487257,
    0.0005000000237487257,
    0.0005000000237487257,
    0.0005000000237487257,
    0.0005000000237487257,
    0.0002500000118743628
  ]
}