{
  "accuracy": [
    0.5066115856170654,
    0.5008264183998108,
    0.5099173784255981,
    0.5045454502105713,
    0.5095041394233704,
    0.5033057928085327,
    0.5045454502105713,
    0.5082644820213318,
    0.5144628286361694,
    0.5103305578231812,
    0.5152892470359802,
    0.5144628286361694,
    0.5136363506317139,
    0.5140495896339417,
    0.5057851076126099,
    0.5169421434402466,
    0.5173553824424744,
    0.5380165576934814,
    0.5053719282150269,
    0.5119834542274475
  ],
  "loss": [
    0.8301925659179688,
    0.7416366934776306,
    0.7278397679328918,
    0.7180338501930237,
    0.721164345741272,
    0.7173354625701904,
    0.7070840001106262,
    0.7063276171684265,
    0.7007779479026794,
    0.7011821269989014,
    0.702481746673584,
    0.6998098492622375,
    0.6977606415748596,
    0.7013994455337524,
    0.6988047957420349,
    0.6957736015319824,
    0.6959683299064636,
    0.6923857927322388,
    0.6966918706893921,
    0.6967777609825134
  ],
  "val_accuracy": [
    0.44884487986564636,
    0.44884487986564636,
    0.44884487986564636,
    0.44884487986564636,
    0.5231022834777832,
    0.43729373812675476,
    0.48514851927757263,
    0.45214521884918213,
    0.44884487986564636,
    0.44884487986564636,
    0.44884487986564636,
    0.44884487986564636,
    0.5313531160354614,
    0.44884487986564636,
    0.48349836468696594,
    0.4669966995716095,
    0.44884487986564636,
    0.44884487986564636,
    0.44884487986564636,
    0.44884487986564636
  ],
  "val_loss": [
    0.702949047088623,
    0.6990471482276917,
    0.7357444763183594,
    0.717947244644165,
    0.692336916923523,
    0.7026637196540833,
    0.6947638988494873,
    0.704979419708252,
    0.7036073207855225,
    0.7009408473968506,
    0.7040619254112244,
    0.7022579312324524,
    0.6932189464569092,
    0.6966060996055603,
    0.6935051083564758,
    0.6933104395866394,
    0.6953399181365967,
    0.6981056928634644,
    0.6999567151069641,
    0.6995042562484741
  ],
  "learning_rate": [
    0.0010000000474974513,
    0.0010000000474974513,
    0.0010000000474974513,
    0.0010000000474974513,
    0.0010000000474974513,
    0.0010000000474974513,
    0.0010000000474974513,
    0.0010000000474974513,
    0.0010000000474974513,
    0.0010000000474974513,
    0.0010000000474974513,
    0.0010000000474974513,
    0.0010000000474974513,
    0.0010000000474974513,
    0.0010000000474974513,
    0.0005000000237487257,
    0.0005000000237487257,
    0.0005000000237487257,
    0.0005000000237487257,
    0.0005000000237487257
  ]
}