{
  "loss": [
    102210928.0,
    102080504.0,
    101908392.0,
    101725232.0,
    101426848.0,
    101043424.0,
    100629968.0,
    100166264.0,
    99545568.0,
    98880680.0,
    98056408.0,
    97169560.0,
    96274248.0,
    95172768.0,
    94024000.0,
    92749432.0,
    91338736.0,
    90061664.0,
    88692480.0,
    86376512.0,
    84088352.0,
    81782480.0,
    79274272.0,
    76840480.0,
    74195216.0,
    71499336.0,
    68648488.0,
    65682824.0,
    63434776.0,
    60272404.0,
    56948224.0,
    54130968.0,
    52571028.0,
    49452832.0,
    46945128.0,
    44794376.0,
    41377072.0,
    39875580.0,
    36823908.0,
    34583108.0,
    32327268.0,
    31389854.0,
    24290128.0,
    17264362.0,
    17374790.0,
    21745438.0,
    15631918.0,
    9342895.0,
    10242288.0,
    6928606.5,
    5800871.0,
    13037616.0,
    31312582.0,
    17950644.0,
    10516875.0,
    9994087.0,
    9228116.0,
    6842083.5,
    7409060.0,
    9017140.0,
    8798775.0,
    5618763.5,
    7867186.5,
    24264554.0,
    14639765.0,
    5862111.5,
    10495260.0,
    15410033.0,
    18414598.0,
    18967876.0,
    16828562.0,
    14706043.0,
    14027236.0,
    13004260.0,
    11900492.0,
    10665140.0,
    9939620.0,
    9653243.0,
    8530553.0,
    7551929.0,
    7853681.5,
    7615263.5,
    8164902.5,
    7550169.0,
    7281682.0,
    6961926.5,
    7588334.0,
    6580535.0,
    6560955.0
  ],
  "mae": [
    9791.970703125,
    9786.6142578125,
    9779.5009765625,
    9772.5166015625,
    9759.85546875,
    9742.8017578125,
    9722.7880859375,
    9700.1103515625,
    9672.79296875,
    9642.1630859375,
    9608.349609375,
    9570.69921875,
    9535.8564453125,
    9486.0361328125,
    9418.7265625,
    9364.3037109375,
    9298.08984375,
    9249.0009765625,
    9192.86328125,
    9065.625,
    8945.3017578125,
    8808.1142578125,
    8671.1904296875,
    8555.7744140625,
    8398.4404296875,
    8257.6640625,
    8087.560546875,
    7913.7646484375,
    7806.11474609375,
    7603.083984375,
    7386.84814453125,
    7196.1181640625,
    7095.13671875,
    6853.4921875,
    6635.55615234375,
    6414.91357421875,
    6117.16162109375,
    5884.11376953125,
    5576.951171875,
    5266.5908203125,
    4954.61865234375,
    4773.8662109375,
    4130.49658203125,
    3535.913330078125,
    3273.51220703125,
    3656.8974609375,
    3070.499267578125,
    2491.86376953125,
    2344.402587890625,
    2062.52392578125,
    1848.185546875,
    2711.0810546875,
    4287.6513671875,
    2983.664306640625,
    2309.92822265625,
    2223.38525390625,
    2200.959228515625,
    1934.1351318359375,
    2096.991943359375,
    2311.287841796875,
    2239.47607421875,
    1799.025634765625,
    2106.091064453125,
    4043.78515625,
    2813.2548828125,
    1764.9713134765625,
    2217.8486328125,
    2760.519287109375,
    3134.453857421875,
    3198.213623046875,
    2945.89892578125,
    2719.10498046875,
    2606.985107421875,
    2521.413818359375,
    2428.163330078125,
    2295.39794921875,
    2144.421875,
    2156.888427734375,
    2039.7139892578125,
    1903.580810546875,
    1979.48779296875,
    1931.0889892578125,
    2033.8992919921875,
    1934.9818115234375,
    1904.33447265625,
    1837.8106689453125,
    1899.8311767578125,
    1823.4381103515625,
    1797.041015625
  ],
  "val_loss": [
    302830144.0,
    302359104.0,
    301571584.0,
    300317824.0,
    298771264.0,
    297329312.0,
    295874336.0,
    294238656.0,
    292433152.0,
    289689504.0,
    287042080.0,
    284048672.0,
    280726656.0,
    276527904.0,
    274039936.0,
    268930400.0,
    264517696.0,
    257859600.0,
    250438400.0,
    244410464.0,
    237381216.0,
    235574928.0,
    229344352.0,
    218706352.0,
    213529920.0,
    201833728.0,
    193444848.0,
    182250352.0,
    168441648.0,
    158138688.0,
    147400768.0,
    139689696.0,
    124636720.0,
    111458888.0,
    94950088.0,
    80848056.0,
    68704184.0,
    56888116.0,
    44332760.0,
    36377840.0,
    30392192.0,
    19429382.0,
    20091534.0,
    17810002.0,
    16504041.0,
    7981518.0,
    14667921.0,
    12943410.0,
    10802306.0,
    15857111.0,
    15344528.0,
    5113313.5,
    7809220.5,
    12487531.0,
    22956004.0,
    8359509.5,
    10638326.0,
    12300841.0,
    8567287.0,
    4200021.5,
    7967915.5,
    9057845.0,
    3291695.25,
    2924969.25,
    9208327.0,
    12249830.0,
    82415128.0,
    62546296.0,
    59452068.0,
    65269156.0,
    66631544.0,
    64174580.0,
    52226020.0,
    50752444.0,
    48731392.0,
    47329552.0,
    38812300.0,
    34794848.0,
    32115714.0,
    30910766.0,
    28197956.0,
    27641378.0,
    23744972.0,
    22432514.0,
    19551840.0,
    21315794.0,
    18053092.0,
    14781453.0,
    14011580.0
  ],
  "val_mae": [
    17385.607421875,
    17372.05078125,
    17349.396484375,
    17313.26171875,
    17268.505859375,
    17226.763671875,
    17184.443359375,
    17136.8984375,
    17084.15625,
    17003.72265625,
    16925.556640625,
    16837.0,
    16738.283203125,
    16612.09765625,
    16537.291015625,
    16381.9443359375,
    16247.0,
    16041.107421875,
    15807.650390625,
    15615.9462890625,
    15389.2705078125,
    15331.3154296875,
    15126.3095703125,
    14770.361328125,
    14594.5458984375,
    14187.3486328125,
    13891.05859375,
    13480.6376953125,
    12958.25,
    12555.62890625,
    12119.865234375,
    11802.18359375,
    11146.1328125,
    10535.8486328125,
    9721.5361328125,
    8965.173828125,
    8261.552734375,
    7514.29638671875,
    6620.14453125,
    5999.1181640625,
    5488.51611328125,
    4371.60302734375,
    4441.84326171875,
    4176.46435546875,
    4018.15869140625,
    2766.622314453125,
    3789.58056640625,
    3560.619873046875,
    3242.931884765625,
    3935.486083984375,
    3860.621826171875,
    2180.7578125,
    2722.677734375,
    3467.480224609375,
    4754.7978515625,
    2824.930419921875,
    3192.513427734375,
    3455.770751953125,
    2843.62353515625,
    1926.4486083984375,
    2740.790771484375,
    2955.71630859375,
    1688.315673828125,
    1620.771240234375,
    2994.464599609375,
    3457.06640625,
    9055.98046875,
    7879.1103515625,
    7674.90673828125,
    8040.591796875,
    8131.42626953125,
    7986.71337890625,
    7193.15673828125,
    7087.44775390625,
    6955.1025390625,
    6822.4560546875,
    6196.0224609375,
    5861.69189453125,
    5628.72900390625,
    5531.51318359375,
    5273.86865234375,
    5230.4140625,
    4830.341796875,
    4698.03369140625,
    4381.79052734375,
    4594.04150390625,
    4220.8046875,
    3816.03759765625,
    3714.242431640625
  ],