{
  "best_method": "weighted_average",
  "best_metrics": {
    "model": "Ensemble (weighted_average)",
    "mae": 9104.109389757585,
    "mse": 92378076.67947584,
    "rmse": 9611.351449170706,
    "mape": 42.661784589392404,
    "direction_accuracy": 50.70921985815603,
    "r2_score": -8.935322564137426
  },
  "all_methods": {
    "weighted_average": {
      "model": "Ensemble (weighted_average)",
      "mae": 9104.109389757585,
      "mse": 92378076.67947584,
      "rmse": 9611.351449170706,
      "mape": 42.661784589392404,
      "direction_accuracy": 50.70921985815603,
      "r2_score": -8.935322564137426
    },
    "median": {
      "model": "Ensemble (median)",
      "mae": 9096.638671875,
      "mse": 92340608.0,
      "rmse": 9609.402062563518,
      "mape": 42.612239837646484,
      "direction_accuracy": 50.23640661938534,
      "r2_score": -8.931293487548828
    },
    "dynamic_weighting": {
      "model": "Ensemble (dynamic_weighting)",
      "mae": 9081.04279731872,
      "mse": 92078425.87441246,
      "rmse": 9595.750407050637,
      "mape": 42.53138481050462,
      "direction_accuracy": 49.29078014184397,
      "r2_score": -8.903094924074752
    }
  },
  "model_weights": {
    "bidirectional": 0.5559117583265604,
    "gru_attention": 0.44408824167343963
  },
  "individual_accuracies": {
    "bidirectional": 50.70921985815603,
    "gru_attention": 48.46335697399527
  }
}