{
  "loss": [
    7010.43310546875,
    7005.056640625,
    6994.34228515625,
    6978.06884765625,
    6956.3095703125,
    6929.2021484375,
    6896.90966796875,
    6859.58642578125,
    6817.3896484375,
    6770.46630859375,
    6718.9619140625,
    6663.0009765625,
    6602.71240234375,
    6538.21875,
    6469.62548828125,
    6397.041015625,
    6320.56298828125,
    6240.29052734375,
    6156.30712890625,
    6068.69580078125,
    5977.5380859375,
    5882.904296875,
    5784.86669921875,
    5683.48828125,
    5578.8349609375,
    5470.96337890625,
    5359.92578125,
    5245.7763671875,
    5128.56201171875,
    5008.3310546875,
    4885.12451171875,
    4758.98193359375,
    4629.9443359375,
    4498.162109375,
    4363.67333984375,
    4227.02880859375,
    4086.488037109375,
    3944.44775390625,
    3799.57666015625,
    3651.55517578125,
    3501.38818359375,
    3349.1884765625,
    3193.667236328125,
    3037.24609375,
    2878.67529296875,
    2719.799072265625,
    2559.067138671875,
    2399.014892578125,
    2236.13916015625,
    2072.384521484375,
    1914.68603515625,
    1758.836181640625,
    1611.493896484375,
    1469.643798828125,
    1329.84423828125,
    1202.72265625,
    1079.27783203125,
    967.3842163085938,
    869.1962280273438,
    780.774169921875,
    705.3263549804688,
    647.905517578125,
    599.68994140625,
    557.8038330078125,
    544.112548828125,
    520.800537109375,
    511.61480712890625,
    503.3814697265625,
    493.4805603027344,
    483.9543762207031,
    484.70391845703125,
    481.690673828125,
    493.2172546386719,
    481.4708251953125,
    484.55426025390625,
    479.1106872558594,
    478.2320251464844,
    470.5813293457031,
    467.2342529296875,
    465.0032653808594
  ],
  "mae": [
    7010.93310546875,
    7005.556640625,
    6994.84228515625,
    6978.56884765625,
    6956.8095703125,
    6929.7021484375,
    6897.40966796875,
    6860.08642578125,
    6817.89013671875,
    6770.96630859375,
    6719.4619140625,
    6663.50048828125,
    6603.21240234375,
    6538.71826171875,
    6470.12548828125,
    6397.541015625,
    6321.06298828125,
    6240.79052734375,
    6156.8076171875,
    6069.19580078125,
    5978.03759765625,
    5883.404296875,
    5785.36669921875,
    5683.98828125,
    5579.33447265625,
    5471.46337890625,
    5360.42578125,
    5246.2763671875,
    5129.06201171875,
    5008.83056640625,
    4885.62451171875,
    4759.48193359375,
    4630.4443359375,
    4498.66259765625,
    4364.173828125,
    4227.52880859375,
    4086.98828125,
    3944.947509765625,
    3800.076904296875,
    3652.055419921875,
    3501.888427734375,
    3349.6884765625,
    3194.1669921875,
    3037.74609375,
    2879.17529296875,
    2720.299072265625,
    2559.567138671875,
    2399.5146484375,
    2236.63916015625,
    2072.884521484375,
    1915.185791015625,
    1759.336181640625,
    1611.9935302734375,
    1470.1435546875,
    1330.34423828125,
    1203.2225341796875,
    1079.77783203125,
    967.8840942382812,
    869.6961669921875,
    781.274169921875,
    705.8262329101562,
    648.405517578125,
    600.189697265625,
    558.3036499023438,
    544.612548828125,
    521.300537109375,
    512.1146850585938,
    503.8811340332031,
    493.98046875,
    484.45428466796875,
    485.20355224609375,
    482.1903076171875,
    493.7171325683594,
    481.9705810546875,
    485.0536193847656,
    479.61041259765625,
    478.7317199707031,
    471.0812683105469,
    467.7340087890625,
    465.5030517578125
  ],
  "mse": [
    54423308.0,
    54348876.0,
    54201748.0,
    53974920.0,
    53675568.0,
    53306456.0,
    52860824.0,
    52340000.0,
    51757280.0,
    51115580.0,
    50420480.0,
    49666920.0,
    48855692.0,
    47996996.0,
    47115908.0,
    46198444.0,
    45215288.0,
    44226064.0,
    43182420.0,
    42128436.0,
    41027284.0,
    39913284.0,
    38766164.0,
    37631992.0,
    36411736.0,
    35201224.0,
    33997424.0,
    32857226.0,
    31666786.0,
    30435178.0,
    29164104.0,
    27938124.0,
    26753008.0,
    25529994.0,
    23940608.0,
    22711074.0,
    21499050.0,
    20241306.0,
    18891108.0,
    17770132.0,
    16830578.0,
    15786996.0,
    14679289.0,
    13510192.0,
    12543325.0,
    11513572.0,
    10585106.0,
    9557545.0,
    8388739.0,
    7493601.5,
    6465585.0,
    5584180.5,
    4760471.5,
    4000277.75,
    3320970.0,
    2792726.75,
    2315881.0,
    1875329.5,
    1488645.25,
    1175521.125,
    951317.0,
    774708.0,
    639095.875,
    552088.6875,
    520799.375,
    470439.96875,
    449645.375,
    436732.59375,
    417339.25,
    396902.59375,
    391486.4375,
    392400.40625,
    413379.90625,
    392946.09375,
    394826.09375,
    387287.21875,
    392674.90625,
    378480.71875,
    376369.875,
    367532.53125
  ],
  "val_loss": [
    13414.8935546875,
    13406.7109375,
    13392.36328125,
    13376.029296875,
    13351.625,
    13330.60546875,
    13290.404296875,
    13239.3046875,
    13188.234375,
    13144.115234375,
    13086.775390625,
    13029.2041015625,
    12955.5712890625,
    12894.2109375,
    12833.6435546875,
    12767.939453125,
    12667.0263671875,
    12590.8291015625,
    12501.2333984375,
    12411.6796875,
    12319.3349609375,
    12249.3330078125,
    12160.390625,
    12052.8271484375,
    11924.0625,
    11804.8134765625,
    11730.849609375,
    11648.759765625,
    11511.5126953125,
    11362.0830078125,
    11195.7021484375,
    11085.0859375,
    10975.0849609375,
    10865.41796875,
    10854.2109375,
    10175.3642578125,
    10118.27734375,
    10018.70703125,
    9686.0029296875,
    9674.6318359375,
    9496.33203125,
    9330.3095703125,
    9305.1875,
    8961.6533203125,
    8867.8134765625,
    8918.9560546875,
    8578.91015625,
    8299.244140625,
    8057.3583984375,
    7690.05615234375,
    7458.7236328125,
    7293.60107421875,
    6666.47802734375,
    6645.56640625,
    6329.75537109375,
    6277.8095703125,
    6007.51806640625,
    5332.71533203125,
    5309.017578125,
    4166.185546875,
    3782.580810546875,
    3312.70947265625,
    3243.837158203125,
    3390.8837890625,
    3087.80615234375,
    2664.3154296875,
    2548.142578125,
    2802.348876953125,
    2382.4091796875,
    2291.914794921875,
    3339.56201171875,
    2300.119873046875,
    2499.40673828125,
    2478.4150390625,
    2512.248779296875,
    2451.798583984375,
    2719.224609375,
    2422.197998046875,
    2717.73828125,
    2394.069091796875
  ],