{
  "loss": [
    0.0072743552736938,
    0.0014225061750039458,
    0.0009307104046456516,
    0.0007437551976181567,
    0.0006072266260161996,
    0.0005129770142957568,
    0.0004452782741282135,
    0.00036469558835960925,
    0.0003451345255598426,
    0.0003497161087580025,
    0.00032649521017447114,
    0.0003313289489597082
  ],
  "val_loss": [
    0.3669821321964264,
    0.36473971605300903,
    0.38186949491500854,
    0.4104959964752197,
    0.43468034267425537,
    0.444246768951416,
    0.4969313442707062,
    0.48954617977142334,
    0.49526190757751465,
    0.48638227581977844,
    0.5252849459648132,
    0.5129938721656799
  ],
  "mae": [
    0.05946800112724304,
    0.029209036380052567,
    0.023333027958869934,
    0.02087237872183323,
    0.019007770344614983,
    0.017338445410132408,
    0.016121836379170418,
    0.014572631567716599,
    0.014214661903679371,
    0.014277360402047634,
    0.013503827154636383,
    0.013860773295164108
  ],
  "val_mae": [
    0.5458098649978638,
    0.5264523029327393,
    0.5395996570587158,
    0.5512970089912415,
    0.560714602470398,
    0.5620678067207336,
    0.5905742645263672,
    0.5923241972923279,
    0.5941117405891418,
    0.5885893702507019,
    0.6154993176460266,
    0.609327495098114
  ],
  "epochs_trained": 12,
  "training_time": "0:00:56.636089"
}