{
  "accuracy": 0.5759075907590759,
  "final_val_loss": 0.6983716487884521,
  "final_val_accuracy": 0.5049505233764648,
  "best_val_accuracy": 0.5759075880050659,
  "epochs_trained": 18,
  "training_duration_seconds": 94.799738
}