{
  "loss": [
    9891.3193359375,
    9889.3125,
    9886.58203125,
    9882.4033203125,
    9876.845703125,
    9870.1416015625,
    9862.328125,
    9853.24609375,
    9842.5654296875,
    9830.2353515625,
    9815.7490234375,
    9799.4931640625,
    9780.556640625,
    9760.3623046875,
    9737.2099609375,
    9711.9296875,
    9682.8388671875,
    9654.3876953125,
    9620.423828125,
    9583.4599609375,
    9551.0478515625,
    9509.63671875,
    9462.6337890625,
    9412.1015625,
    9364.955078125,
    9309.9072265625,
    9249.23046875,
    9184.6591796875,
    9123.0732421875,
    9054.1572265625,
    8985.9697265625,
    8912.13671875,
    8837.04296875,
    8742.927734375,
    8644.693359375,
    8547.4296875,
    8440.7490234375,
    8323.1259765625,
    8198.5439453125,
    8076.81787109375,
    7950.93310546875,
    7807.08447265625,
    7673.52490234375,
    7540.177734375,
    7406.962890625,
    7220.0498046875,
    7052.998046875,
    6859.88134765625,
    6684.328125,
    6522.81982421875,
    6317.525390625,
    6139.7802734375,
    5897.9462890625,
    5649.57568359375,
    5432.72705078125,
    5177.68359375,
    4976.50048828125,
    4689.20751953125,
    4453.328125,
    4261.6982421875,
    4024.78857421875,
    3813.546142578125,
    3822.4111328125,
    3931.53271484375,
    3494.328857421875,
    3374.98828125,
    3252.642333984375,
    3111.253662109375,
    2897.67236328125,
    2721.052490234375,
    2623.454833984375,
    2503.518798828125,
    2428.308349609375,
    2316.909912109375,
    2370.994873046875,
    2328.01318359375,
    2067.1318359375,
    1876.5567626953125,
    1700.2869873046875,
    1627.796875,
    1532.45849609375,
    1513.2392578125,
    1474.1826171875,
    1443.880615234375,
    1442.9913330078125,
    1432.3280029296875,
    1436.197998046875,
    1373.0162353515625,
    1335.0076904296875,
    1334.2733154296875,
    1369.4814453125,
    1374.1834716796875,
    1355.7867431640625,
    1366.131103515625,
    1350.2796630859375,
    1344.197998046875,
    1388.8758544921875,
    1348.0516357421875,
    1300.7147216796875,
    1436.808837890625,
    1404.112060546875,
    1401.8328857421875,
    1339.9381103515625,
    1316.28466796875,
    1272.299560546875,
    1403.62353515625,
    1358.8218994140625,
    1356.4111328125,
    1339.6910400390625,
    1339.909912109375,
    1320.265869140625,
    1306.1533203125,
    1317.1295166015625
  ],
  "mae": [
    9891.8193359375,
    9889.8134765625,
    9887.08203125,
    9882.9033203125,
    9877.345703125,
    9870.642578125,
    9862.828125,
    9853.7470703125,
    9843.0654296875,
    9830.734375,
    9816.248046875,
    9799.994140625,
    9781.056640625,
    9760.8623046875,
    9737.708984375,
    9712.4296875,
    9683.3388671875,
    9654.88671875,
    9620.9248046875,
    9583.958984375,
    9551.5478515625,
    9510.13671875,
    9463.1337890625,
    9412.6015625,
    9365.4560546875,
    9310.408203125,
    9249.7294921875,
    9185.16015625,
    9123.5732421875,
    9054.65625,
    8986.470703125,
    8912.6376953125,
    8837.5419921875,
    8743.427734375,
    8645.1923828125,
    8547.9296875,
    8441.2490234375,
    8323.6259765625,
    8199.0439453125,
    8077.31787109375,
    7951.43310546875,
    7807.58447265625,
    7674.02490234375,
    7540.677734375,
    7407.462890625,
    7220.5498046875,
    7053.498046875,
    6860.38134765625,
    6684.828125,
    6523.31982421875,
    6318.025390625,
    6140.2802734375,
    5898.4462890625,
    5650.07568359375,
    5433.22705078125,
    5178.18359375,
    4977.00048828125,
    4689.70703125,
    4453.828125,
    4262.1982421875,
    4025.28857421875,
    3814.046142578125,
    3822.9111328125,
    3932.03271484375,
    3494.828857421875,
    3375.48828125,
    3253.142333984375,
    3111.753662109375,
    2898.17236328125,
    2721.552490234375,
    2623.95458984375,
    2504.018798828125,
    2428.808349609375,
    2317.40966796875,
    2371.494873046875,
    2328.51318359375,
    2067.6318359375,
    1877.0567626953125,
    1700.7869873046875,
    1628.296875,
    1532.958251953125,
    1513.7392578125,
    1474.6826171875,
    1444.3802490234375,
    1443.4913330078125,
    1432.8280029296875,
    1436.697998046875,
    1373.5162353515625,
    1335.507568359375,
    1334.7733154296875,
    1369.981201171875,
    1374.6832275390625,
    1356.28662109375,
    1366.631103515625,
    1350.7796630859375,
    1344.697998046875,
    1389.3758544921875,
    1348.551513671875,
    1301.2144775390625,
    1437.30859375,
    1404.612060546875,
    1402.332763671875,
    1340.4381103515625,
    1316.784423828125,
    1272.7994384765625,
    1404.12353515625,
    1359.3218994140625,
    1356.910888671875,
    1340.1910400390625,
    1340.409912109375,
    1320.765869140625,
    1306.6531982421875,
    1317.6295166015625
  ],
  "mse": [
    104314216.0,
    104273848.0,
    104218480.0,
    104135168.0,
    104029504.0,
    103890320.0,
    103744400.0,
    103565088.0,
    103339312.0,
    103107040.0,
    102833880.0,
    102529408.0,
    102162288.0,
    101778688.0,
    101286056.0,
    100877952.0,
    100338320.0,
    99846024.0,
    99065584.0,
    98373840.0,
    97713752.0,
    96884760.0,
    95959096.0,
    94965024.0,
    94252848.0,
    93237648.0,
    91707008.0,
    90539032.0,
    89325152.0,
    88048616.0,
    87011368.0,
    85639768.0,
    84569952.0,
    82367136.0,
    81151448.0,
    79479120.0,
    77926752.0,
    75774160.0,
    73635800.0,
    71695600.0,
    69738992.0,
    67504512.0,
    65950716.0,
    65289124.0,
    63889396.0,
    60162056.0,
    56826088.0,
    54353008.0,
    52636448.0,
    51706440.0,
    49107612.0,
    47840292.0,
    43382964.0,
    40841592.0,
    38460196.0,
    35147192.0,
    34651280.0,
    31034732.0,
    28630230.0,
    25660654.0,
    24017998.0,
    24474630.0,
    25848338.0,
    28095606.0,
    21602386.0,
    20687918.0,
    19642446.0,
    18295388.0,
    17057588.0,
    15956858.0,
    14768624.0,
    13882004.0,
    12597595.0,
    11711861.0,
    8599811.0,
    8025733.0,
    6653150.0,
    5744245.0,
    5124123.5,
    4993691.0,
    4570546.5,
    4513480.5,
    4352501.0,
    4228057.5,
    4227661.5,
    4125334.5,
    4145314.0,
    3862121.0,
    3530113.75,
    3734116.0,
    3882360.0,
    3824478.5,
    3752000.0,
    3955970.5,
    3843827.0,
    3742366.75,
    4152843.25,
    3784258.25,
    3386465.25,
    4118109.25,
    4037771.25,
    4031419.25,
    3713085.5,
    3559871.25,
    3289178.0,
    3965508.75,
    3694438.0,
    3731835.0,
    3720193.5,
    3563223.0,
    3499346.0,
    3518756.0,
    3601845.5
  ],