{
  "accuracy": [
    0.5090909004211426,
    0.5111570358276367,
    0.5239669680595398,
    0.5322313904762268,
    0.5264462828636169,
    0.515702486038208,
    0.5330578684806824,
    0.5202479362487793,
    0.5247933864593506,
    0.5243801474571228,
    0.534297525882721,
    0.5169421434402466,
    0.5264462828636169,
    0.5260330438613892,
    0.5252066254615784,
    0.5462809801101685,
    0.5384297370910645,
    0.5487603545188904
  ],
  "loss": [
    0.7720326781272888,
    0.7331483364105225,
    0.7190247774124146,
    0.7128915190696716,
    0.7124291658401489,
    0.7162483930587769,
    0.7040531039237976,
    0.7027256488800049,
    0.7007744312286377,
    0.6976408958435059,
    0.6944806575775146,
    0.6988359689712524,
    0.6979631185531616,
    0.6963552236557007,
    0.6946883201599121,
    0.6926019787788391,
    0.6937493085861206,
    0.6871703863143921
  ],
  "val_accuracy": [
    0.5396039485931396,
    0.528052806854248,
    0.5759075880050659,
    0.5165016651153564,
    0.49339935183525085,
    0.5016501545906067,
    0.5528053045272827,
    0.5561056137084961,
    0.5495049357414246,
    0.49669966101646423,
    0.5610560774803162,
    0.4570957124233246,
    0.5627062916755676,
    0.5462046265602112,
    0.5396039485931396,
    0.5,
    0.49339935183525085,
    0.5049505233764648
  ],
  "val_loss": [
    0.6916505098342896,
    0.6906447410583496,
    0.6854594349861145,
    0.6917774677276611,
    0.6972463130950928,
    0.6920022368431091,
    0.687054455280304,
    0.6879280805587769,
    0.6881527304649353,
    0.6914921402931213,
    0.6870154738426208,
    0.6958276033401489,
    0.6886664032936096,
    0.6904582381248474,
    0.691264271736145,
    0.697524905204773,
    0.6978294253349304,
    0.6983716487884521
  ],
  "learning_rate": [
    0.0010000000474974513,
    0.0010000000474974513,
    0.0010000000474974513,
    0.0010000000474974513,
    0.0010000000474974513,
    0.0010000000474974513,
    0.0010000000474974513,
    0.0010000000474974513,
    0.0010000000474974513,
    0.0010000000474974513,
    0.0010000000474974513,
    0.0010000000474974513,
    0.0010000000474974513,
    0.0005000000237487257,
    0.0005000000237487257,
    0.0005000000237487257,
    0.0005000000237487257,
    0.0005000000237487257
  ]
}